{
  "project_info": {
    "project_number": "616519463850",
    "firebase_url": "https://email-ded75.firebaseio.com",
    "project_id": "email-ded75",
    "storage_bucket": "email-ded75.appspot.com"
  },
  "client": [
    {
      "client_info": {
        "mobilesdk_app_id": "1:616519463850:android:38d35df0b3a545249f71d3",
        "android_client_info": {
          "package_name": "com.example.android.logindemo"
        }
      },
      "oauth_client": [
        {
          "client_id": "616519463850-ra5on5a63hnl1fv0ald130p2o5b1nm3m.apps.googleusercontent.com",
          "client_type": 1,
          "android_info": {
            "package_name": "com.example.android.logindemo",
            "certificate_hash": "223c482944b0d489fe5594856dbf8ef6fb32b5c0"
          }
        },
        {
          "client_id": "616519463850-sl1avo15chgbutr1mbb01qo6lc2cf60k.apps.googleusercontent.com",
          "client_type": 3
        }
      ],
      "api_key": [
        {
          "current_key": "AIzaSyCJzUUP7NCPOIlINxJxuVMo7yTMkQ1RkP8"
        }
      ],
      "services": {
        "appinvite_service": {
          "other_platform_oauth_client": [
            {
              "client_id": "616519463850-sl1avo15chgbutr1mbb01qo6lc2cf60k.apps.googleusercontent.com",
              "client_type": 3
            }
          ]
        }
      }
    }
  ],
  "configuration_version": "1"
}